layer,K_eff,bit,granularity,rel_rmse,rmse,ref_rms,num_sequences,seq_len
0,4,2,per-token,0.040220139224735066,0.03595837205648422,0.8940389752388,4,2048
0,4,2,per-channel,0.09361518912138846,0.08369562774896622,0.8940389752388,4,2048
0,4,2,tile32,0.04085664441141243,0.03652743250131607,0.8940389752388,4,2048
0,4,3,per-token,0.018809602046315887,0.0168165173381567,0.8940389752388,4,2048
0,4,3,per-channel,0.016697027431256464,0.01492779329419136,0.8940389752388,4,2048
0,4,3,tile32,0.018204039588672186,0.01627512089908123,0.8940389752388,4,2048
0,4,4,per-token,0.008562120528628573,0.0076548694632947445,0.8940389752388,4,2048
0,4,4,per-channel,0.010418279569253558,0.009314347989857197,0.8940389752388,4,2048
0,4,4,tile32,0.009155537256768908,0.008185407146811485,0.8940389752388,4,2048
1,4,2,per-token,0.03670402129212086,0.03361302986741066,0.9157860279083252,4,2048
1,4,2,per-channel,0.04767878900097239,0.043663568794727325,0.9157860279083252,4,2048
1,4,2,tile32,0.038750078102889544,0.03548678010702133,0.9157860279083252,4,2048
1,4,3,per-token,0.018961449450460084,0.017364630475640297,0.9157860279083252,4,2048
1,4,3,per-channel,0.022458007877307014,0.020566729828715324,0.9157860279083252,4,2048
1,4,3,tile32,0.018994307597962643,0.017394721508026123,0.9157860279083252,4,2048
1,4,4,per-token,0.00854237698299157,0.007822989486157894,0.9157860279083252,4,2048
1,4,4,per-channel,0.009752631743363945,0.008931323885917664,0.9157860279083252,4,2048
1,4,4,tile32,0.01067728503143128,0.009778108447790146,0.9157860279083252,4,2048
2,4,2,per-token,0.04134560689350145,0.03815959393978119,0.9229419231414795,4,2048
2,4,2,per-channel,0.045030461633714644,0.04156050086021423,0.9229419231414795,4,2048
2,4,2,tile32,0.04525084478588902,0.041763901710510254,0.9229419231414795,4,2048
2,4,3,per-token,0.020769874959904896,0.019169388338923454,0.9229419231414795,4,2048
2,4,3,per-channel,0.023171944356086684,0.02138635888695717,0.9229419231414795,4,2048
2,4,3,tile32,0.022422453949745527,0.02069462276995182,0.9229419231414795,4,2048
2,4,4,per-token,0.009858492179794072,0.009098815731704235,0.9229419231414795,4,2048
2,4,4,per-channel,0.010868371738543606,0.010030875913798809,0.9229419231414795,4,2048
2,4,4,tile32,0.009914798864278184,0.009150783531367779,0.9229419231414795,4,2048
3,4,2,per-token,0.04719164254939628,0.04393335431814194,0.930956244468689,4,2048
3,4,2,per-channel,0.08215557140098893,0.07648324221372604,0.930956244468689,4,2048
3,4,2,tile32,0.06523864122802515,0.06073432043194771,0.930956244468689,4,2048
3,4,3,per-token,0.024416902241969247,0.02273106761276722,0.930956244468689,4,2048
3,4,3,per-channel,0.04441022849687019,0.04134397953748703,0.930956244468689,4,2048
3,4,3,tile32,0.03538347387711072,0.032940465956926346,0.930956244468689,4,2048
3,4,4,per-token,0.011232415203113593,0.010456887073814869,0.930956244468689,4,2048
3,4,4,per-channel,0.019429492474266938,0.01808800734579563,0.930956244468689,4,2048
3,4,4,tile32,0.01669883938826241,0.015545888803899288,0.930956244468689,4,2048
4,4,2,per-token,0.05708140051982636,0.05368451401591301,0.9404904842376709,4,2048
4,4,2,per-channel,0.09084848244585687,0.08544213324785233,0.9404904842376709,4,2048
4,4,2,tile32,0.07974230727881555,0.07499688118696213,0.9404904842376709,4,2048
4,4,3,per-token,0.02917751943235717,0.027441179379820824,0.9404904842376709,4,2048
4,4,3,per-channel,0.04724961232817827,0.04443781077861786,0.9404904842376709,4,2048
4,4,3,tile32,0.04094745456751199,0.03851069137454033,0.9404904842376709,4,2048
4,4,4,per-token,0.013664126773281205,0.012850981205701828,0.9404904842376709,4,2048
4,4,4,per-channel,0.02115072494048634,0.019892055541276932,0.9404904842376709,4,2048
4,4,4,tile32,0.018898396786759544,0.017773762345314026,0.9404904842376709,4,2048
5,4,2,per-token,0.06859116194856896,0.06517483294010162,0.9501928687095642,4,2048
5,4,2,per-channel,0.09843576779747697,0.09353296458721161,0.9501928687095642,4,2048
5,4,2,tile32,0.08796571026057087,0.08358439058065414,0.9501928687095642,4,2048
5,4,3,per-token,0.0343049903237026,0.03259635716676712,0.9501928687095642,4,2048
5,4,3,per-channel,0.04994497569277508,0.04745735973119736,0.9501928687095642,4,2048
5,4,3,tile32,0.044995501076350856,0.0427544042468071,0.9501928687095642,4,2048
5,4,4,per-token,0.016147663876505746,0.015343395061790943,0.9501928687095642,4,2048
5,4,4,per-channel,0.022278134362475253,0.021168524399399757,0.9501928687095642,4,2048
5,4,4,tile32,0.020804773344119225,0.019768547266721725,0.9501928687095642,4,2048
6,4,2,per-token,0.07955151665040518,0.07649336755275726,0.9615576267242432,4,2048
6,4,2,per-channel,0.10346430072403148,0.09948688745498657,0.9615576267242432,4,2048
6,4,2,tile32,0.09802159616807289,0.09425341337919235,0.9615576267242432,4,2048
6,4,3,per-token,0.0387396782905402,0.03725043311715126,0.9615576267242432,4,2048
6,4,3,per-channel,0.05347371896430524,0.051418062299489975,0.9615576267242432,4,2048
6,4,3,tile32,0.04828686045843483,0.04643059894442558,0.9615576267242432,4,2048
6,4,4,per-token,0.01837971710099463,0.017673157155513763,0.9615576267242432,4,2048
6,4,4,per-channel,0.024517112760368893,0.023574616760015488,0.9615576267242432,4,2048
6,4,4,tile32,0.022479840084378932,0.021615661680698395,0.9615576267242432,4,2048
7,4,2,per-token,0.08541725880637834,0.08347302675247192,0.9772384166717529,4,2048
7,4,2,per-channel,0.10197803918664018,0.0996568575501442,0.9772384166717529,4,2048
7,4,2,tile32,0.10265730231872457,0.10032065957784653,0.9772384166717529,4,2048
7,4,3,per-token,0.04201589445533274,0.041059546172618866,0.9772384166717529,4,2048
7,4,3,per-channel,0.052642031211253736,0.05144381523132324,0.9772384166717529,4,2048
7,4,3,tile32,0.05110128091269487,0.0499381348490715,0.9772384166717529,4,2048
7,4,4,per-token,0.02033809606874019,0.019875168800354004,0.9772384166717529,4,2048
7,4,4,per-channel,0.02514601519392572,0.02457365207374096,0.9772384166717529,4,2048
7,4,4,tile32,0.02457488492154403,0.0240155216306448,0.9772384166717529,4,2048
8,4,2,per-token,0.09048092761218736,0.09013423323631287,0.996168315410614,4,2048
8,4,2,per-channel,0.10644525786639185,0.10603739321231842,0.996168315410614,4,2048
8,4,2,tile32,0.1015550249682893,0.10116589814424515,0.996168315410614,4,2048
8,4,3,per-token,0.04486794162551423,0.04469602182507515,0.996168315410614,4,2048
8,4,3,per-channel,0.05291570341546389,0.05271294713020325,0.996168315410614,4,2048
8,4,3,tile32,0.05103650730079265,0.05084095150232315,0.996168315410614,4,2048
8,4,4,per-token,0.022038053573585046,0.021953610703349113,0.996168315410614,4,2048
8,4,4,per-channel,0.026044829449697545,0.025945033878087997,0.996168315410614,4,2048
8,4,4,tile32,0.02482642407244926,0.02473129704594612,0.996168315410614,4,2048
9,4,2,per-token,0.08892055147309055,0.09075135737657547,1.0205892324447632,4,2048
9,4,2,per-channel,0.10342374215984286,0.10555315762758255,1.0205892324447632,4,2048
9,4,2,tile32,0.10092936278647041,0.10300742089748383,1.0205892324447632,4,2048
9,4,3,per-token,0.04520389985281723,0.04613461345434189,1.0205892324447632,4,2048
9,4,3,per-channel,0.05323290497853584,0.054328929632902145,1.0205892324447632,4,2048
9,4,3,tile32,0.05145611329575678,0.052515555173158646,1.0205892324447632,4,2048
9,4,4,per-token,0.022271784103906973,0.02273034304380417,1.0205892324447632,4,2048
9,4,4,per-channel,0.025300996119383388,0.025821924209594727,1.0205892324447632,4,2048
9,4,4,tile32,0.02512475839012139,0.02564205788075924,1.0205892324447632,4,2048
10,4,2,per-token,0.0880719203298891,0.09216442704200745,1.0464677810668945,4,2048
10,4,2,per-channel,0.10552161764400957,0.11042497307062149,1.0464677810668945,4,2048
10,4,2,tile32,0.09777495389815326,0.10231833904981613,1.0464677810668945,4,2048
10,4,3,per-token,0.04512290269484187,0.047219663858413696,1.0464677810668945,4,2048
10,4,3,per-channel,0.054644977340941724,0.05718420818448067,1.0464677810668945,4,2048
10,4,3,tile32,0.05098002963630448,0.05334895849227905,1.0464677810668945,4,2048
10,4,4,per-token,0.02218099547489863,0.02321169711649418,1.0464677810668945,4,2048
10,4,4,per-channel,0.025922115519098968,0.027126658707857132,1.0464677810668945,4,2048
10,4,4,tile32,0.0249522179875657,0.026111692190170288,1.0464677810668945,4,2048
11,4,2,per-token,0.08966624751639665,0.09665150940418243,1.077902913093567,4,2048
11,4,2,per-channel,0.1047065160711053,0.1128634586930275,1.077902913093567,4,2048
11,4,2,tile32,0.09982524810308689,0.10760192573070526,1.077902913093567,4,2048
11,4,3,per-token,0.0456066611424682,0.04915955290198326,1.077902913093567,4,2048
11,4,3,per-channel,0.05283972869144483,0.05695609748363495,1.077902913093567,4,2048
11,4,3,tile32,0.05001149137834392,0.05390753224492073,1.077902913093567,4,2048
11,4,4,per-token,0.02252909789809021,0.024284180253744125,1.077902913093567,4,2048
11,4,4,per-channel,0.02526932334890913,0.027237877249717712,1.077902913093567,4,2048
11,4,4,tile32,0.024413416109942892,0.026315292343497276,1.077902913093567,4,2048
12,4,2,per-token,0.09006480797800893,0.10126329958438873,1.124338150024414,4,2048
12,4,2,per-channel,0.1063828680443753,0.11961031705141068,1.124338150024414,4,2048
12,4,2,tile32,0.0964761785128163,0.10847184807062149,1.124338150024414,4,2048
12,4,3,per-token,0.045805881606663164,0.05150130018591881,1.124338150024414,4,2048
12,4,3,per-channel,0.05205834207691344,0.058531180024147034,1.124338150024414,4,2048
12,4,3,tile32,0.04958612610729341,0.05575157329440117,1.124338150024414,4,2048
12,4,4,per-token,0.022383516845208996,0.025166641920804977,1.124338150024414,4,2048
12,4,4,per-channel,0.02443941601249868,0.027478167787194252,1.124338150024414,4,2048
12,4,4,tile32,0.023895606030833214,0.026866741478443146,1.124338150024414,4,2048
13,4,2,per-token,0.0891187608458209,0.10558625310659409,1.1847814321517944,4,2048
13,4,2,per-channel,0.11577996324849486,0.13717395067214966,1.1847814321517944,4,2048
13,4,2,tile32,0.10045197711113144,0.11901363730430603,1.1847814321517944,4,2048
13,4,3,per-token,0.045608493070511104,0.05403609573841095,1.1847814321517944,4,2048
13,4,3,per-channel,0.05598424315851717,0.06632909178733826,1.1847814321517944,4,2048
13,4,3,tile32,0.052475277871726636,0.06217173486948013,1.1847814321517944,4,2048
13,4,4,per-token,0.022223847712657396,0.026330402120947838,1.1847814321517944,4,2048
13,4,4,per-channel,0.026566424224674912,0.031475406140089035,1.1847814321517944,4,2048
13,4,4,tile32,0.025807054281000007,0.030575718730688095,1.1847814321517944,4,2048
14,4,2,per-token,0.09071885665261203,0.11505359411239624,1.268243432044983,4,2048
14,4,2,per-channel,0.10743370467535932,0.13625209033489227,1.268243432044983,4,2048
14,4,2,tile32,0.1023115324974376,0.1297559291124344,1.268243432044983,4,2048
14,4,3,per-token,0.046223277171245226,0.058622367680072784,1.268243432044983,4,2048
14,4,3,per-channel,0.054689912308651174,0.06936012208461761,1.268243432044983,4,2048
14,4,3,tile32,0.052936947429258766,0.06713693588972092,1.268243432044983,4,2048
14,4,4,per-token,0.022550058996314227,0.02859896421432495,1.268243432044983,4,2048
14,4,4,per-channel,0.026469322612300804,0.033569544553756714,1.268243432044983,4,2048
14,4,4,tile32,0.025513957311130757,0.03235790878534317,1.268243432044983,4,2048
15,4,2,per-token,0.09033487510584838,0.12401728332042694,1.372861623764038,4,2048
15,4,2,per-channel,0.10395385779469656,0.142714262008667,1.372861623764038,4,2048
15,4,2,tile32,0.10081817682917472,0.13840940594673157,1.372861623764038,4,2048
15,4,3,per-token,0.04612026368831757,0.06331674009561539,1.372861623764038,4,2048
15,4,3,per-channel,0.05424294775150572,0.07446806132793427,1.372861623764038,4,2048
15,4,3,tile32,0.05149329786097771,0.07069317251443863,1.372861623764038,4,2048
15,4,4,per-token,0.022680499254177366,0.031137187033891678,1.372861623764038,4,2048
15,4,4,per-channel,0.025837109615331394,0.03547077625989914,1.372861623764038,4,2048
15,4,4,tile32,0.025514241193278137,0.03502752259373665,1.372861623764038,4,2048
16,4,2,per-token,0.08684291445540787,0.1305452138185501,1.5032339096069336,4,2048
16,4,2,per-channel,0.10660287358320082,0.16024905443191528,1.5032339096069336,4,2048
16,4,2,tile32,0.10285582956113835,0.1546163707971573,1.5032339096069336,4,2048
16,4,3,per-token,0.04379236703449257,0.06583017110824585,1.5032339096069336,4,2048
16,4,3,per-channel,0.05642352244715533,0.08481775224208832,1.5032339096069336,4,2048
16,4,3,tile32,0.051483500448814445,0.07739174365997314,1.5032339096069336,4,2048
16,4,4,per-token,0.021723134403207108,0.03265495225787163,1.5032339096069336,4,2048
16,4,4,per-channel,0.02597316057282785,0.03904373571276665,1.5032339096069336,4,2048
16,4,4,tile32,0.025547297034726746,0.03840356320142746,1.5032339096069336,4,2048
17,4,2,per-token,0.08594006798981188,0.14137595891952515,1.6450529098510742,4,2048
17,4,2,per-channel,0.1079174868532756,0.177529975771904,1.6450529098510742,4,2048
17,4,2,tile32,0.09814289313735836,0.16145025193691254,1.6450529098510742,4,2048
17,4,3,per-token,0.043559734143546455,0.07165806740522385,1.6450529098510742,4,2048
17,4,3,per-channel,0.05643033176650213,0.09283088147640228,1.6450529098510742,4,2048
17,4,3,tile32,0.050907314751068064,0.08374522626399994,1.6450529098510742,4,2048
17,4,4,per-token,0.0213001738116862,0.03503991290926933,1.6450529098510742,4,2048
17,4,4,per-channel,0.025883526197357773,0.0425797700881958,1.6450529098510742,4,2048
17,4,4,tile32,0.024358849019500393,0.04007159546017647,1.6450529098510742,4,2048
18,4,2,per-token,0.08246915960283206,0.14949344098567963,1.8127193450927734,4,2048
18,4,2,per-channel,0.10568190740976527,0.19157163798809052,1.8127193450927734,4,2048
18,4,2,tile32,0.0968765799484307,0.17561005055904388,1.8127193450927734,4,2048
18,4,3,per-token,0.041382936306450215,0.07501564919948578,1.8127193450927734,4,2048
18,4,3,per-channel,0.05230349994920235,0.0948115661740303,1.8127193450927734,4,2048
18,4,3,tile32,0.050664459583278636,0.09184044599533081,1.8127193450927734,4,2048
18,4,4,per-token,0.02018198819926979,0.0365842804312706,1.8127193450927734,4,2048
18,4,4,per-channel,0.025687035912724535,0.04656338691711426,1.8127193450927734,4,2048
18,4,4,tile32,0.02460909098739471,0.044609375298023224,1.8127193450927734,4,2048
19,4,2,per-token,0.07785097400155953,0.15168115496635437,1.9483526945114136,4,2048
19,4,2,per-channel,0.10186859775225594,0.19847595691680908,1.9483526945114136,4,2048
19,4,2,tile32,0.09241345751611128,0.18005400896072388,1.9483526945114136,4,2048
19,4,3,per-token,0.0392088293190797,0.07639262825250626,1.9483526945114136,4,2048
19,4,3,per-channel,0.05272929607601127,0.10273526608943939,1.9483526945114136,4,2048
19,4,3,tile32,0.04763194501675146,0.09280382841825485,1.9483526945114136,4,2048
19,4,4,per-token,0.018730822051943867,0.03649424761533737,1.9483526945114136,4,2048
19,4,4,per-channel,0.024304876150924443,0.04735447093844414,1.9483526945114136,4,2048
19,4,4,tile32,0.02360518563209299,0.04599122703075409,1.9483526945114136,4,2048
20,4,2,per-token,0.07520219161367,0.1624305546283722,2.1599178314208984,4,2048
20,4,2,per-channel,0.10298863676999945,0.2224469929933548,2.1599178314208984,4,2048
20,4,2,tile32,0.09274980429059507,0.20033195614814758,2.1599178314208984,4,2048
20,4,3,per-token,0.03844430250086747,0.08303653448820114,2.1599178314208984,4,2048
20,4,3,per-channel,0.05318218055218264,0.1148691400885582,2.1599178314208984,4,2048
20,4,3,tile32,0.04852189276338931,0.10480330139398575,2.1599178314208984,4,2048
20,4,4,per-token,0.017948655433625352,0.03876762092113495,2.1599178314208984,4,2048
20,4,4,per-channel,0.02451136267802567,0.05294252932071686,2.1599178314208984,4,2048
20,4,4,tile32,0.02351884549798941,0.050798773765563965,2.1599178314208984,4,2048
21,4,2,per-token,0.06960047996486983,0.16089105606079102,2.3116371631622314,4,2048
21,4,2,per-channel,0.09058120453074861,0.20939087867736816,2.3116371631622314,4,2048
21,4,2,tile32,0.08417246742859619,0.1945762038230896,2.3116371631622314,4,2048
21,4,3,per-token,0.0357221200893973,0.08257658034563065,2.3116371631622314,4,2048
21,4,3,per-channel,0.048096746973305224,0.11118222773075104,2.3116371631622314,4,2048
21,4,3,tile32,0.043406856579525845,0.10034090280532837,2.3116371631622314,4,2048
21,4,4,per-token,0.016869235981084956,0.03899555280804634,2.3116371631622314,4,2048
21,4,4,per-channel,0.023059390563898243,0.053304944187402725,2.3116371631622314,4,2048
21,4,4,tile32,0.021442704061137772,0.049567751586437225,2.3116371631622314,4,2048
22,4,2,per-token,0.06404413033585772,0.15714554488658905,2.453707218170166,4,2048
22,4,2,per-channel,0.09293018651917383,0.2280234694480896,2.453707218170166,4,2048
22,4,2,tile32,0.07985421160217407,0.1959388554096222,2.453707218170166,4,2048
22,4,3,per-token,0.03369175307050187,0.082669697701931,2.453707218170166,4,2048
22,4,3,per-channel,0.0500972322654576,0.12292394042015076,2.453707218170166,4,2048
22,4,3,tile32,0.042767946709695366,0.1049400195479393,2.453707218170166,4,2048
22,4,4,per-token,0.016020319592857317,0.039309173822402954,2.453707218170166,4,2048
22,4,4,per-channel,0.022805918111412513,0.05595904588699341,2.453707218170166,4,2048
22,4,4,tile32,0.02114615183759788,0.05188646540045738,2.453707218170166,4,2048
23,4,2,per-token,0.06232667606182363,0.16113795340061188,2.5853769779205322,4,2048
23,4,2,per-channel,0.08905751892519667,0.23024725914001465,2.5853769779205322,4,2048
23,4,2,tile32,0.07414317617796777,0.19168806076049805,2.5853769779205322,4,2048
23,4,3,per-token,0.03310392695143999,0.08558613061904907,2.5853769779205322,4,2048
23,4,3,per-channel,0.04473225889550299,0.1156497523188591,2.5853769779205322,4,2048
23,4,3,tile32,0.04140851359436281,0.1070566177368164,2.5853769779205322,4,2048
23,4,4,per-token,0.015481556170459926,0.040025658905506134,2.5853769779205322,4,2048
23,4,4,per-channel,0.021475986934345402,0.055523522198200226,2.5853769779205322,4,2048
23,4,4,tile32,0.019939071264026845,0.051550015807151794,2.5853769779205322,4,2048
24,4,2,per-token,0.056551255592415445,0.15329179167747498,2.710669994354248,4,2048
24,4,2,per-channel,0.08201476176257866,0.2223149538040161,2.710669994354248,4,2048
24,4,2,tile32,0.071860893572478,0.19479116797447205,2.710669994354248,4,2048
24,4,3,per-token,0.029357300146857414,0.07957795262336731,2.710669994354248,4,2048
24,4,3,per-channel,0.04301194650205188,0.1165911927819252,2.710669994354248,4,2048
24,4,3,tile32,0.03850860104521484,0.10438410937786102,2.710669994354248,4,2048
24,4,4,per-token,0.014215368739733636,0.03853317350149155,2.710669994354248,4,2048
24,4,4,per-channel,0.020884627475964146,0.056611333042383194,2.710669994354248,4,2048
24,4,4,tile32,0.019133552614675156,0.05186474695801735,2.710669994354248,4,2048
25,4,2,per-token,0.057099756596246956,0.16591162979602814,2.9056451320648193,4,2048
25,4,2,per-channel,0.08450531313324504,0.24554245173931122,2.9056451320648193,4,2048
25,4,2,tile32,0.07225201644613785,0.20993871986865997,2.9056451320648193,4,2048
25,4,3,per-token,0.029382506722844655,0.08537513762712479,2.9056451320648193,4,2048
25,4,3,per-channel,0.045081204938723696,0.13098998367786407,2.9056451320648193,4,2048
25,4,3,tile32,0.03806716766391907,0.11060968041419983,2.9056451320648193,4,2048
25,4,4,per-token,0.014110848660458176,0.04100111871957779,2.9056451320648193,4,2048
25,4,4,per-channel,0.020906072120656857,0.06074562668800354,2.9056451320648193,4,2048
25,4,4,tile32,0.018630190493938895,0.054132722318172455,2.9056451320648193,4,2048
26,4,2,per-token,0.057804858419417876,0.17976315319538116,3.109827756881714,4,2048
26,4,2,per-channel,0.0882692577940268,0.2745021879673004,3.109827756881714,4,2048
26,4,2,tile32,0.07678167575835514,0.2387777864933014,3.109827756881714,4,2048
26,4,3,per-token,0.02966175969325832,0.09224296361207962,3.109827756881714,4,2048
26,4,3,per-channel,0.0465518461098248,0.14476822316646576,3.109827756881714,4,2048
26,4,3,tile32,0.04015557328927928,0.12487691640853882,3.109827756881714,4,2048
26,4,4,per-token,0.014033932628296511,0.04364311322569847,3.109827756881714,4,2048
26,4,4,per-channel,0.021443163190909574,0.0666845440864563,3.109827756881714,4,2048
26,4,4,tile32,0.018827306331093814,0.058549679815769196,3.109827756881714,4,2048
27,4,2,per-token,0.059932588792585985,0.19528697431087494,3.258443832397461,4,2048
27,4,2,per-channel,0.0913793277540851,0.2977544069290161,3.258443832397461,4,2048
27,4,2,tile32,0.08145129284581631,0.26540446281433105,3.258443832397461,4,2048
27,4,3,per-token,0.030734038685709,0.1001451388001442,3.258443832397461,4,2048
27,4,3,per-channel,0.04414635073896874,0.14384840428829193,3.258443832397461,4,2048
27,4,3,tile32,0.04138913794959168,0.1348641812801361,3.258443832397461,4,2048
27,4,4,per-token,0.014690345880452397,0.04786766692996025,3.258443832397461,4,2048
27,4,4,per-channel,0.02319362847283501,0.07557513564825058,3.258443832397461,4,2048
27,4,4,tile32,0.021120650752351183,0.06882045418024063,3.258443832397461,4,2048
28,4,2,per-token,0.07444712461098839,0.3265807628631592,4.38674783706665,4,2048
28,4,2,per-channel,0.09094312495969252,0.39894455671310425,4.38674783706665,4,2048
28,4,2,tile32,0.08400345196900107,0.3685019612312317,4.38674783706665,4,2048
28,4,3,per-token,0.03300007842665898,0.1447630226612091,4.38674783706665,4,2048
28,4,3,per-channel,0.040936603670967374,0.17957855761051178,4.38674783706665,4,2048
28,4,3,tile32,0.038861048463975256,0.1704736202955246,4.38674783706665,4,2048
28,4,4,per-token,0.015354340021934226,0.06735561788082123,4.38674783706665,4,2048
28,4,4,per-channel,0.019258610927314037,0.08448266983032227,4.38674783706665,4,2048
28,4,4,tile32,0.018146611968003,0.0796046108007431,4.38674783706665,4,2048
29,3,2,per-token,0.06659413830505792,0.2921316921710968,4.38674783706665,4,2048
29,3,2,per-channel,0.08759533758628876,0.3842586576938629,4.38674783706665,4,2048
29,3,2,tile32,0.07959030789883526,0.3491426110267639,4.38674783706665,4,2048
29,3,3,per-token,0.029202299031796306,0.1281031221151352,4.38674783706665,4,2048
29,3,3,per-channel,0.04066983139733218,0.17840829491615295,4.38674783706665,4,2048
29,3,3,tile32,0.03757477368498059,0.16483105719089508,4.38674783706665,4,2048
29,3,4,per-token,0.013568459557055268,0.05952141061425209,4.38674783706665,4,2048
29,3,4,per-channel,0.018492356103911173,0.0811213031411171,4.38674783706665,4,2048
29,3,4,tile32,0.0173818534607208,0.07624980807304382,4.38674783706665,4,2048
30,2,2,per-token,0.06108615960102424,0.2679695785045624,4.38674783706665,4,2048
30,2,2,per-channel,0.08159062269249549,0.3579174876213074,4.38674783706665,4,2048
30,2,2,tile32,0.06962453681796155,0.3054252862930298,4.38674783706665,4,2048
30,2,3,per-token,0.025820256039961603,0.1132669523358345,4.38674783706665,4,2048
30,2,3,per-channel,0.035284995603641955,0.1547863781452179,4.38674783706665,4,2048
30,2,3,tile32,0.030811839236305295,0.13516376912593842,4.38674783706665,4,2048
30,2,4,per-token,0.012059792459286853,0.05290326848626137,4.38674783706665,4,2048
30,2,4,per-channel,0.017010192993728402,0.07461942732334137,4.38674783706665,4,2048
30,2,4,tile32,0.014811678306745872,0.06497509777545929,4.38674783706665,4,2048
31,1,2,per-token,0.055838651998312866,0.2449500858783722,4.38674783706665,4,2048
31,1,2,per-channel,0.051838480986875005,0.22740234434604645,4.38674783706665,4,2048
31,1,2,tile32,0.04834421768284893,0.2120738923549652,4.38674783706665,4,2048
31,1,3,per-token,0.02237463065278847,0.09815186262130737,4.38674783706665,4,2048
31,1,3,per-channel,0.022911290119202222,0.10050605237483978,4.38674783706665,4,2048
31,1,3,tile32,0.023135518439935606,0.10148968547582626,4.38674783706665,4,2048
31,1,4,per-token,0.010029434151598906,0.043996598571538925,4.38674783706665,4,2048
31,1,4,per-channel,0.009113275967458518,0.03997764363884926,4.38674783706665,4,2048
31,1,4,tile32,0.009251898361483843,0.04058574512600899,4.38674783706665,4,2048
